signature,pval_KM,HZ_KM,n_low,n_high,HZ_strataLow,HZ_ChemotherapyYES,HZ_`Pam50 + Claudin-low subtype`claudin-low,HZ_`Pam50 + Claudin-low subtype`Her2,HZ_`Pam50 + Claudin-low subtype`LumA,HZ_`Pam50 + Claudin-low subtype`LumB,HZ_`Pam50 + Claudin-low subtype`NC,HZ_`Pam50 + Claudin-low subtype`Normal,pval_strataLow,pval_ChemotherapyYES,pval_`Pam50 + Claudin-low subtype`claudin-low,pval_`Pam50 + Claudin-low subtype`Her2,pval_`Pam50 + Claudin-low subtype`LumA,pval_`Pam50 + Claudin-low subtype`LumB,pval_`Pam50 + Claudin-low subtype`NC,pval_`Pam50 + Claudin-low subtype`Normal
MDA_Met-Like_parental_vs_rest_DOWN_FC_2,0.0784684950227675,3300349.95060892,10,1970,944046.458248167,2.1091326022778,0.586606224994128,1.20583445057702,0.415074566719909,1.00115439441273,1.09046488007441,0.667609270743305,0.983931448908261,2.27062026924425e-13,0.00346454314287995,0.219274819297678,3.31212656270866e-08,0.993755200025698,0.904152895783344,0.0447630293257045
HCC_1_vs_p-L_DOWN_FC_1,0.00313327991423026,10.6510784632824,35,1945,11.1619900444725,2.14365895991778,0.597951972549775,1.18529442659757,0.409320621164552,0.985327260225453,1.07737097783338,0.729311895294815,0.0162052601802429,5.91669435047382e-14,0.00479890980615668,0.264195096387725,1.84371653854712e-08,0.919906696752297,0.917459729056069,0.117264180884472
HCC_LM-H_vs_LM-L_DOWN_FC_0,0.00249529226924743,2.98981234053097,70,1910,3.27246477647322,2.17621009206681,0.593522933263066,1.18170259311625,0.412487299404524,1.00268025693574,1.07571186595684,0.717633462190281,0.00194114733893276,2.5633289850068e-14,0.00423796903074943,0.27324561379611,2.61401420105195e-08,0.98552998840981,0.919174509748636,0.100503802397101
HCC_0_vs_p-L_DOWN_FC_2,0.0110134947015358,2.54276635393925,65,1915,2.39820757980324,2.13014660893567,0.612162269180869,1.20495938008407,0.416301817897056,1.00099843500825,1.09330045669549,0.757447964417622,0.0252571089125081,1.07167716904075e-13,0.00734370534586093,0.221002756514265,3.61039765383938e-08,0.994595731690358,0.901291740893204,0.174783158409305
HCC_5_vs_p-L_DOWN_FC_2,0.0457822339630704,2.38702955106061,1970,10,2.33594727477834,2.13871836273454,0.581447923234107,1.2155709217764,0.419283600868896,1.01253768964914,1.11415491642608,0.678657385371771,0.0595098110340807,8.35447429042532e-14,0.00297382177628084,0.200117445221692,4.82310977463167e-08,0.932639842638568,0.88053660503843,0.0542783960192293
HCC_7_vs_p-L_DOWN_FC_1,0.0603613581899383,2.27289919153432,1970,10,2.03971483796123,2.12936510596524,0.578115875972139,1.22824608897102,0.421638894500685,1.01637479834089,1.1160503169454,0.680913434370812,0.115015713153881,1.14545882123061e-13,0.00270132266398088,0.17832103587791,6.32972382932238e-08,0.912397541768377,0.87868327359855,0.0566518623008615
HCC_0_vs_p-L_DOWN_FC_1,0.00181975116767172,2.21645789656737,120,1860,2.20840478113154,2.16504499776145,0.602303558521338,1.17547177706806,0.414298426267607,0.97852510570538,1.06863924926102,0.764446529262317,0.00327099351110133,3.13780415087679e-14,0.00546524793550706,0.288702787414126,2.87953802817737e-08,0.882755462038779,0.926449288617859,0.187770010024583
HCC_LM-H_vs_p-L_DOWN_FC_1,5.30790662938112e-06,2.13507591842379,265,1715,1.86349146002425,2.19608299246613,0.619044363859859,1.23193006474146,0.4514363347987,1.01036328295268,1.094477501992,0.832163451303839,0.000492601389720691,1.32912477178426e-14,0.00870991316878849,0.171332256784952,6.90931338413971e-07,0.944254200073182,0.90011064647154,0.376503027516794
HCC_6_vs_p-L_DOWN_FC_2,4.96482538377358e-06,2.01047470214292,1872,108,1.51205710677648,2.12603720658666,0.638095121438711,1.41684195002454,0.485620912041389,1.17186842590765,1.28617254877955,0.784800788480915,0.0257125087483771,1.11116034371003e-13,0.0170058536297038,0.0419947317192019,4.47262778903445e-05,0.337375600090672,0.727905002554468,0.261577333961472
HCC_5_vs_p-L_DOWN_FC_1,0.0497461995878111,1.98512244405545,57,1923,2.32771614767558,2.15951592284125,0.591361818778652,1.20567247409234,0.412024740136558,0.991480923074279,1.08573898174838,0.735753292927036,0.019806790510998,3.58234059327025e-14,0.00400072626055932,0.219470054399616,2.42043824031287e-08,0.953653608956604,0.908933302609162,0.130995567802191
HCC_2_vs_p-L_DOWN_FC_1,9.76045008422538e-05,1.92171927726648,242,1738,1.64736736231133,2.16185271938764,0.613544071780003,1.20436847709991,0.435210291953131,0.997031017793392,1.08289737174656,0.796009135637461,0.00557405493279239,3.81981963371293e-14,0.00761715667581011,0.222342158486824,1.87015579908156e-07,0.983903035537905,0.911827253950196,0.273128425085504
HCC_8_vs_p-L_DOWN_FC_2,6.27485382675302e-08,1.88667636977921,1769,211,1.36653906341429,2.10049285546161,0.638334847497414,1.32012715137283,0.464125995587445,1.10365458055911,1.2446671697076,0.755111468896075,0.0145764794867559,3.51873822685712e-13,0.0165172307123249,0.0764730592743683,4.01374335134861e-06,0.518356462726685,0.761559522915236,0.176737551486218
HCC_LM-H_vs_p-L_DOWN_FC_0,3.17909027182257e-09,1.8101989365105,718,1262,1.43621857648937,2.1661679742041,0.601327034900561,1.2322661123146,0.477157170857976,1.04241454315408,1.21302453974666,0.804344405821384,0.000819560094406352,3.57610561503529e-14,0.00534403916590688,0.17084194395864,6.31540067403477e-06,0.778564413964598,0.78844774957437,0.294555090495952
MDA_8_vs_proxy_parental_UP_FC_1,0.002535242542017,1.76727695653085,1911,69,1.34664136558408,2.11760196513314,0.586094158909564,1.19888540164542,0.419128168847525,1.0009850940638,1.11464789891784,0.679557275307757,0.123291272396965,1.64230663963215e-13,0.00345680519907663,0.23468296931544,4.82319811343142e-08,0.994671775246487,0.880052674381943,0.0552176068352697
HCC_0_vs_p-L_DOWN_FC_0,2.55330322657025e-08,1.76183335462345,676,1304,1.42029144313299,2.175242121134,0.598310673083792,1.2240093948157,0.46992461883533,1.01911325548315,1.20517420001375,0.802386431964753,0.00148615755990953,2.8863894136041e-14,0.00489640347066636,0.184811172573276,3.79741250339766e-06,0.897872871527282,0.795395847295524,0.290465080287923
HCC_4_vs_p-L_DOWN_FC_0,3.39583434784795e-08,1.71599248936466,755,1225,1.44582803098055,2.19165136607485,0.594695605614254,1.22849129674988,0.471548801720758,1.04482464428349,1.12065240374512,0.798896711186683,0.000395426805245158,1.6834171458671e-14,0.00439718302989508,0.177159717229131,3.90613408594972e-06,0.766675047684261,0.874161851200963,0.277540438438171
MDA_3_vs_proxy_parental_DOWN_FC_1,5.0442696748222e-06,1.67687664331123,1731,249,1.40694934756663,2.09267140770721,0.584147928729977,1.16107787675103,0.411155041447895,0.941484238828418,1.03584620941146,0.682938528560743,0.00398442824058695,3.62014172353486e-13,0.00322406384672776,0.329823742376057,2.27180637001951e-08,0.686390358809127,0.960961343769256,0.05827045870807
MDA_9_vs_proxy_parental_DOWN_FC_2,0.00208791316819647,1.66053615985097,215,1765,1.34659674430383,2.10635274639279,0.590316933908737,1.22445656420717,0.429241848620569,1.03556544162416,1.08917035691087,0.680085025466538,0.0773586687149239,2.7666979581223e-13,0.00391393991643177,0.183929549752798,1.23640188410341e-07,0.813385209684944,0.905464672909017,0.0554661128247665
HCC_7_vs_p-L_DOWN_FC_0,1.29770898309068e-05,1.6395060355844,510,1470,1.50629467871597,2.21386052052015,0.581470673165726,1.21627365883848,0.449452860739765,1.0162126879177,1.06548625893909,0.78184670666478,0.000565587084208797,9.48973110674066e-15,0.00296395972409317,0.199105114325853,6.48720801449519e-07,0.913332354853493,0.929731641588966,0.231002831368489
MDA_p-Low_vs_p-BoM_DOWN_FC_1,7.90214248952483e-07,1.59986551873795,1533,447,1.25214375011928,2.10752317522407,0.61003965940028,1.15125983857338,0.427275083831416,1.01095654692145,1.08093055463,0.685823574131645,0.0260985785002274,2.5653680232486e-13,0.00726797648520997,0.360776059693448,1.00959345797064e-07,0.941049602281484,0.913837322746994,0.0613701728948004
MDA_7_vs_proxy_parental_UP_FC_2,0.00326803537196676,1.56924667092469,245,1735,1.33292778963762,2.11626439498871,0.578415302588958,1.21975186887455,0.433553678164,1.06464601597354,1.09526226758239,0.677292374495911,0.0731714578685728,1.60832406958844e-13,0.00270442961881696,0.192241634369874,1.83667406209686e-07,0.675378243680453,0.899314316973783,0.0528171557716735
MDA_11_vs_proxy_parental_UP_FC_0,0.00173595402292574,1.52344087141229,331,1649,1.46407682851576,2.17631125054338,0.628507639815693,1.24360852981416,0.436202328981573,1.05059459743616,1.09591835709711,0.744050118163952,0.00574359247145296,2.62673474294652e-14,0.0117221821968014,0.153437965125538,2.16413719175727e-07,0.739154896456234,0.898672107188361,0.147749452716917
HCC_6_vs_p-L_DOWN_FC_0,2.94474201080571e-05,1.51364725077417,685,1295,1.35909239528945,2.18521342490418,0.585858555383433,1.24428063765489,0.45384690397585,1.05299930402448,1.07187657881557,0.769983445338937,0.00303530787528243,2.05138136224539e-14,0.00339567027284551,0.152427569619099,1.03410380274383e-06,0.727539610202839,0.923125758754515,0.204780159483714
HCC_p-H_vs_p-L_DOWN_FC_0,9.81331557301663e-05,1.49155820499001,616,1364,1.33644284921661,2.17375972940269,0.589916632016916,1.20656690895135,0.436847810475713,1.00079985178793,1.05160576561559,0.743605844718884,0.00660242314745818,2.80915524563795e-14,0.00384390872049827,0.218093826496676,2.32008812989168e-07,0.995676411076003,0.944237161264591,0.147357382953737
HCC_6_vs_p-L_DOWN_FC_1,0.0484382108768705,1.48383018778153,141,1839,1.57138493496857,2.1894714735641,0.587468231560171,1.21267748975856,0.424046959708476,1.00144038734192,1.09233093995077,0.73794775117969,0.0293773477011615,1.94727335202546e-14,0.00357705369300825,0.205632493990028,7.35373209251944e-08,0.992207861405269,0.902272809882008,0.137993752748479
HCC_1_vs_p-L_DOWN_FC_0,7.70594238602066e-05,1.47808294420485,686,1294,1.26272139119776,2.16514805473294,0.596349937421873,1.23187146650881,0.444276833959986,1.01555858161052,1.11447775331082,0.745433229537567,0.0247796402147833,3.76566840674967e-14,0.00468087704657565,0.171721692645821,5.20349795969158e-07,0.916606571699697,0.880215069301898,0.154247987339601
HCC_2_vs_p-L_DOWN_FC_0,1.0551639732693e-05,1.47374796432363,1062,918,1.2323198386617,2.16482848067728,0.586093552938805,1.22436739766035,0.449083173086315,1.02753681872901,1.18325507665332,0.741643316976679,0.0247446567412997,4.13875797607452e-14,0.00340777804906009,0.184279192656648,8.84449156429199e-07,0.85408656127076,0.815192639049666,0.147084149505557
HCC_5_vs_p-L_DOWN_FC_0,4.1668396872853e-05,1.47067532455661,794,1186,1.29431021030956,2.1745384991471,0.599847933502564,1.24203974476905,0.450111585182248,1.03746318579112,1.11031099870113,0.75133761515129,0.00836373336993548,2.88480356588444e-14,0.00517183512010777,0.155713188030765,8.18825805970045e-07,0.803441870666516,0.88432446531628,0.164028996539562
MDA_13_vs_proxy_parental_DOWN_FC_1,0.0120184639198031,1.45010594210091,1839,141,1.40768991841391,2.11764695613234,0.535901244581526,1.22936190497847,0.421810833914968,0.997348018013522,1.12723761842526,0.685716330734676,0.0283044585327493,1.63129893229341e-13,0.000852942471477694,0.175711354320863,5.96996315663509e-08,0.985635496186705,0.86775684062989,0.0612961890368122
HCC_2_vs_p-L_DOWN_FC_2,0.003141679375174,1.44911667830773,371,1609,1.2687270790744,2.14121907839715,0.61329421091093,1.21726503329554,0.425935044127099,0.991395572635269,1.07756618782601,0.741921718413724,0.0796474148249938,7.71543290477469e-14,0.00813086648899259,0.19703775215334,9.00894075818331e-08,0.953332043727606,0.917281364130526,0.151947456564858
MDA_8_vs_proxy_parental_DOWN_FC_2,2.75286264260893e-05,1.44377802896463,1115,865,1.24615923857233,2.11130620184073,0.619347014820316,1.20952774953769,0.434593329360227,1.05097967213302,1.18951497096185,0.711668166712302,0.0150255679464526,2.2109367270731e-13,0.00937726912579019,0.211913937474408,1.9796250109913e-07,0.737575266426617,0.809506830311119,0.0933404893115789
MDA_13_vs_proxy_parental_DOWN_FC_2,0.000102518896591689,1.41800552217392,901,1079,1.25819359229998,2.15489140673344,0.580857907058071,1.24625789112894,0.455270718331837,1.09749395537301,1.11586951753196,0.716989111030109,0.0155189791005648,6.08154640594933e-14,0.00290759150329435,0.149334652108019,1.46901836636777e-06,0.539244919307273,0.878851510695739,0.101444086778049
HCC_8_vs_p-L_DOWN_FC_1,0.000278222868075756,1.38940869667194,885,1095,1.16936997573039,2.12660049047193,0.573429466589147,1.23652626957103,0.440756629912144,1.0402858507544,1.17678660130486,0.711284918945583,0.0999442150631452,1.29357275223e-13,0.00233269968124704,0.164298047014802,4.8520712813002e-07,0.790239253081899,0.821198389706281,0.0952416347054398
MDA_6_vs_proxy_parental_DOWN_FC_2,0.0233456694079037,1.38008372887688,261,1719,1.1705829912259,2.10906549841403,0.584786997096834,1.21634941235908,0.42205225956453,1.02526323096575,1.08884119471058,0.678208307123032,0.276527634199159,2.60057109954182e-13,0.00330706870084829,0.198549750312671,6.5247468527932e-08,0.86614151119098,0.905802553562974,0.0538882347253788
HCC_4_vs_p-L_DOWN_FC_1,0.00244171997169663,1.33939309545876,1504,476,1.0756622974692,2.13673274104021,0.589237104117157,1.23325107402562,0.427861301901207,1.01011026178464,1.1302698614106,0.694416962891124,0.481579524489567,9.84584472296784e-14,0.00400292271666224,0.173795758314612,2.26576014827669e-07,0.94558688479844,0.864975566193081,0.0774987262124692
MDA_Met-Like_parental_vs_rest_DOWN_FC_1,0.0164734689996138,1.32288292438676,406,1574,1.23927830861689,2.14461491769782,0.63031850681682,1.2082264045032,0.422328027361601,1.0038664757705,1.16762730968985,0.691069074896696,0.0813177206660807,6.88473981718907e-14,0.0141622295292374,0.214344015537848,6.36227539909387e-08,0.979104801910524,0.829554013349948,0.0672285305718471
HCC_LM-H_vs_LM-L_DOWN_FC_2,0.00791978804740813,1.31262276472401,1574,406,1.20455128832972,2.15037332869024,0.595863355230178,1.24224790833589,0.430197390324208,1.00828250747676,1.14301070226673,0.703036297714549,0.0772687142419294,5.94449102690987e-14,0.0046811267276637,0.156245279911313,1.43915102230811e-07,0.955337533952775,0.852623412834267,0.0826450388391768
MDA_p-Low_vs_p-Brm2_DOWN_FC_1,0.0437673761048977,1.22223020254857,598,1382,1.17423436616439,2.15050733367926,0.614141620616017,1.20345536992511,0.419698531644571,0.998936856981066,1.09543025413407,0.680810756007376,0.121540136560932,6.27618564053475e-14,0.00875673909034912,0.224220299788162,4.93557718590022e-08,0.994245991553646,0.899149939265661,0.0563468792187906
MDA_7_vs_proxy_parental_DOWN_FC_2,0.184989446639085,0.858144563152697,1605,375,0.949594830174666,2.11151809744507,0.578626162157037,1.21863943293782,0.415799068990127,1.0044996497233,1.1191588843841,0.674662914770518,0.661624529735925,3.73170629513197e-13,0.00274531855526336,0.195184520760695,3.48357072730082e-08,0.975738499100566,0.875761895997796,0.0506894718538946
MDA_10_vs_proxy_parental_DOWN_FC_1,0.0503547466977945,0.840691043290964,810,1170,0.933474859522344,2.12642801471635,0.591856081957034,1.23743040732934,0.42475422923947,1.018559526928,1.1503847425972,0.685149394393385,0.449562455429288,1.24505259916225e-13,0.00443535279230343,0.168074920162852,1.12633329924829e-07,0.90106270836221,0.846045051090008,0.0622327051116806
HCC_1_vs_p-L_DOWN_FC_2,0.0601490327601609,0.838977207312565,594,1386,0.790695812873151,2.07049142539112,0.562787512536065,1.17833974331891,0.402451903021336,1.02975070378429,1.15473703770445,0.608058597327324,0.0180461884512132,1.18984696267933e-12,0.00170294861745304,0.282731110585664,1.21242411701408e-08,0.842632376581569,0.841514097020876,0.0155706376929088
MDA_2_vs_proxy_parental_UP_FC_1,0.0298154055272101,0.817337177934779,608,1372,0.854310648492802,2.09858149565687,0.542303038761957,1.24529335275431,0.427688225384569,1.03970988842961,1.16987680537484,0.68085023004707,0.122043703173654,4.147446253916e-13,0.00110881556112521,0.152556133914134,1.16581999570287e-07,0.793683250925344,0.827585818028082,0.0564294066546684
MDA_5_vs_proxy_parental_UP_FC_2,0.0331329504447795,0.813323211411163,1335,645,0.883388155179458,2.09184558640821,0.56793834020892,1.22860945233402,0.422099685965683,1.03865765026329,1.0836734971106,0.67415459102224,0.22720209872158,6.06380800488718e-13,0.00203534774064111,0.177474506676028,6.36102998915311e-08,0.799313861951653,0.911050213296289,0.050045869117468
MDA_2_vs_proxy_parental_UP_FC_2,0.0177411556670074,0.811321274400304,986,994,0.938300839500019,2.11012085729923,0.573193301102256,1.23007804093022,0.424654574766868,1.03145591055469,1.08875137729668,0.681562069082248,0.508583069158118,3.05229905105238e-13,0.00242481645508371,0.177930445871425,1.23144063394153e-07,0.837582010932153,0.90591305130706,0.058052380064862
MDA_1_vs_proxy_parental_UP_FC_2,0.0119859210512685,0.801786885918944,860,1120,0.901742966388416,2.1021678038396,0.563261865799414,1.23485282896682,0.4284803861798,1.04567965570344,1.07074108074877,0.682866397080657,0.287647082402112,4.02263685622649e-13,0.00187717471607169,0.168643059918905,1.55852364550422e-07,0.767834385611058,0.924337620204686,0.0586859613866686
HCC_8_vs_p-L_DOWN_FC_0,0.0229326171333074,0.789944415792316,409,1571,0.991346982129955,2.12349933883763,0.5816591014753,1.21442932399562,0.416644461443955,1.00869608219143,1.10378805864559,0.673222877774009,0.935284947624289,2.55337882210307e-13,0.00325874885190184,0.203449996486432,3.96035003638574e-08,0.953133747491703,0.890843787559929,0.0497748373064203
MDA_2_vs_proxy_parental_DOWN_FC_2,0.00640894460440192,0.780627092023912,1154,826,0.900129224686534,2.10699126346848,0.59035241014036,1.24165239537509,0.428358464485747,1.03735371382215,1.16866209162872,0.679795052792232,0.262642018059325,2.5460324510635e-13,0.00399346032086031,0.158898111196979,1.37814960906317e-07,0.805737678931076,0.828869678749081,0.0554633386218919
MDA_3_vs_proxy_parental_DOWN_FC_2,0.00473519455083409,0.77674844403367,707,1273,0.836466984673951,2.11473984408052,0.566083126380344,1.28432575282437,0.445434527197715,1.08578887497357,1.15510117779091,0.684975582512958,0.0688816310226092,1.76079337434962e-13,0.00187585601085407,0.10760057255869,7.48715733908369e-07,0.589998784113439,0.841198254783358,0.0605372466496392
MDA_12_vs_proxy_parental_DOWN_FC_1,0.00327005302628677,0.77185244659692,821,1159,0.96159807575462,2.12710875769941,0.582946838976248,1.20886865042098,0.421067286133241,1.01541670179537,1.1021875292658,0.675014142949999,0.668242450687607,1.18099415605408e-13,0.00315191037067912,0.213719201431436,8.21703061815635e-08,0.917718848669375,0.892384273894208,0.051094734496895
MDA_8_vs_proxy_parental_UP_FC_2,0.00434134958751629,0.771075916350899,651,1329,0.813186271859714,2.08619295713275,0.539937263080913,1.2311851874058,0.426414679148752,1.04572419937432,1.12631478164339,0.667237742516282,0.0333832753968615,5.86690737754763e-13,0.000895744230429278,0.17250150879769,8.95100701315521e-08,0.763040676044572,0.868642270653047,0.0444999955839946
MDA_10_vs_proxy_parental_UP._FC_2,0.00422785179528269,0.761544198104546,515,1465,0.826165990882894,2.10294462333237,0.56276428937227,1.25517947547371,0.432919907394495,1.05329074019854,1.13995122699001,0.700655926328411,0.0563807592095856,3.20909974884415e-13,0.00170840499824879,0.138555396727338,1.86890698082756e-07,0.728078548998087,0.855533431228172,0.078960244564285
MDA_13_vs_proxy_parental_UP_FC_2,0.00659825139866859,0.750967865280939,365,1615,0.883566837174262,2.13528548143226,0.590794355452889,1.22460059598055,0.428490255202132,1.03217188575413,1.12187666002897,0.691933409742391,0.250651107247631,8.34214366562744e-14,0.00406011499786477,0.184111352427269,1.42009510063142e-07,0.83121927008305,0.872980027173708,0.0694662183695816
MDA_12_vs_proxy_parental_DOWN_FC_2,0.00074989727310722,0.743898328435764,900,1080,0.828235930961363,2.11777942015481,0.59700233420365,1.28431909377025,0.441594392212282,1.0501800830934,1.20586778770821,0.72123476158818,0.0373813128598256,1.46267116710445e-13,0.00482883253057069,0.105874014033698,4.17938189996444e-07,0.741416297742779,0.795004207167435,0.109459171875835
MDA_p-Low_vs_p-BoM_UP_FC_1,0.000842118315967248,0.743380397413756,743,1237,0.939633671183792,2.12365117296409,0.584584721584835,1.23896478180994,0.430358639322421,1.03153721173006,1.15252181159126,0.690751655927836,0.515151409649665,1.33737901067e-13,0.00332336782198298,0.168657657785749,4.55687470966566e-07,0.837276882603259,0.844254108851958,0.0716990061424607
MDA_p-Low_vs_p-Brm2_UP_FC_2,0.00111143714140235,0.741317792730113,599,1381,0.874168538381372,2.13439472739646,0.57691332299284,1.18991759364234,0.426203425068245,1.01700648960788,1.11874264620888,0.672568012706586,0.153964805306033,9.02494506205366e-14,0.00258339959738047,0.255555100632517,9.72870977035625e-08,0.90889082897805,0.876030849751203,0.04876250743515
HCC_LM-H_vs_p-L_DOWN_FC_2,0.0403994467672579,0.737973357467588,1735,245,0.616170051062753,2.07497709914543,0.536579677924936,1.1396822311238,0.38441178046108,1.00927105991323,1.03943501391504,0.610447519240867,0.00155007343116064,8.71777614419402e-13,0.000699486753174478,0.393247858142526,2.56932775346647e-09,0.950110183881424,0.957121722399699,0.0150019265689296
MDA_6_vs_proxy_parental_DOWN_FC_1,0.000297875387692766,0.728177654742213,876,1104,0.828759760154513,2.12446476875777,0.5885896278656,1.23837177897873,0.437345877021408,1.04547997890269,1.11154465603788,0.679996771221895,0.035866682360291,1.27073765903213e-13,0.00370012441203703,0.161474312169618,2.72654215132595e-07,0.76429159756911,0.883103045962221,0.0555359029913374
MDA_1_vs_proxy_parental_DOWN_FC_2,0.000401402323212696,0.724424304531152,1136,844,0.892867030081497,2.11927158491347,0.592964486344775,1.23946553832243,0.436010466479137,1.04716705417324,1.12793331905091,0.686851583865014,0.235000010796635,1.50687356871289e-13,0.0043564229203426,0.161431876209407,3.87557507909566e-07,0.759231249836435,0.86710397603363,0.0629765027654178
HCC_LM-H_vs_p-L_UP_FC_2,0.000372670014782229,0.723147217974867,619,1361,0.812404177265914,2.10827732922491,0.559862000031046,1.29173752911432,0.459946307869854,1.1309237615562,1.19511017066506,0.724321787812727,0.0538531934587146,2.65308777459601e-13,0.00156455817595877,0.100015741499352,3.59321916647227e-06,0.440014017397667,0.804596934431598,0.115386574099691
MDA_4_vs_proxy_parental_DOWN_FC_2,0.000173509073914392,0.716230539090407,699,1281,0.889305409082039,2.12646618367736,0.600300695425125,1.26575166730826,0.444691062381787,1.06936712933741,1.20399442639564,0.708479844580248,0.223557767187387,1.24973241694493e-13,0.00566744026698104,0.131272918006431,1.43515623763983e-06,0.665024873776921,0.7973479818184,0.0940560676491357
MDA_0_vs_proxy_parental_DOWN_FC_2,0.000144186668812659,0.715172655502366,970,1010,0.875726367272049,2.13905600433053,0.607884227861774,1.24925509583754,0.441308049774293,1.0426447262753,1.18805227706742,0.71320969903697,0.150093989262585,8.28023520519521e-14,0.00718614939324224,0.147603027646619,6.21009465941412e-07,0.779476312269113,0.811136291751294,0.0998205824160104
HCC_8_vs_p-L_UP_FC_2,0.000141641331593488,0.707765061376605,622,1358,0.911189311180388,2.09341163030613,0.571292156429609,1.2417814398465,0.43204633141418,1.04443220526922,1.13573940645846,0.696867324185679,0.371110766167045,8.28522593409946e-13,0.00227174650033868,0.161053654621248,3.38322860464486e-07,0.775438891019297,0.859679035763348,0.0784492497435905
HCC_LM-H_vs_LM-L_UP_FC_2,0.000940443774104369,0.705214426097561,1435,545,0.8155649205456,2.12035842261613,0.590758200161921,1.23631958750762,0.431109735478311,1.01223225977417,1.1624481958678,0.708444546530325,0.0589203738343526,1.4991719345014e-13,0.00399262764083225,0.164684701922506,1.4898827196936e-07,0.93429518741058,0.83433641850687,0.0896924965594867
MDA_Met-Like_parental_vs_rest_UP_FC_2,0.00188382808333713,0.701760157360429,283,1697,0.745141606269764,2.10826352343408,0.584897015476786,1.19888824361054,0.414347970039984,0.996186550986767,1.09556136915582,0.666325796048488,0.0104240061096589,1.97359751948092e-13,0.00329113966373196,0.233503194223856,2.83657476403539e-08,0.979250032478126,0.899000975535516,0.0434893839726132
HCC_1_vs_p-L_UP_FC_2,3.27143398220764e-05,0.693792410425365,948,1032,0.755746424528387,2.07964949968789,0.557679571819828,1.31696178111016,0.475121316123973,1.19287217613034,1.07749836990534,0.677701164566077,0.0082475637131488,6.54409797707809e-13,0.00142010771762502,0.0756680110232787,7.35276113849095e-06,0.269585773128541,0.917335375245257,0.0530834207565467
HCC_3_vs_p-L_DOWN_FC_0,0.0414392744593546,0.690680238600648,1825,155,0.715011559900385,2.06512256061875,0.581317774896312,1.24206475581524,0.411330922267557,0.995492500207452,1.10133841691149,0.664204191927228,0.0705406152114289,1.76004998518531e-12,0.00296598759142044,0.155706715017692,2.4636287250562e-08,0.975573176788965,0.893234101485192,0.0422759676279504
MDA_5_vs_proxy_parental_DOWN_FC_1,8.94605136352444e-05,0.68837165898801,495,1485,0.83858979912965,2.12723216571134,0.606403890475778,1.29045182370011,0.453636250694497,1.09897663377974,1.22657354453757,0.718972173140716,0.0893651468706682,1.17092213306742e-13,0.00663981197756624,0.103650613212459,2.26517848445287e-06,0.545390537690665,0.777324175466813,0.107804437165027
MDA_7_vs_proxy_parental_DOWN_FC_1,0.000208478193406681,0.686669299332855,1377,603,0.924354046269583,2.09936333246527,0.587941953969975,1.22431573578865,0.421696807074063,0.999287547928054,1.12609241008492,0.68729911460201,0.467317280649271,6.4068136280239e-13,0.00376517454818873,0.185392099751021,6.8063009822045e-08,0.996154734513482,0.86895800138875,0.065268605816329
MDA_5_vs_proxy_parental_DOWN_FC_2,5.39122045571512e-05,0.686581083093575,533,1447,0.858142260840622,2.12481094299796,0.608699027698242,1.29112114045023,0.453275446565136,1.0910284990662,1.22878517725326,0.722252392631302,0.134700941533699,1.3260578169799e-13,0.00734812131153571,0.105678522742546,2.93546798251673e-06,0.577982841616673,0.775698947954623,0.116023077466184
HCC_4_vs_p-L_DOWN_FC_2,0.0219535570997755,0.681266629430928,1785,195,0.621800126641591,2.06063751307783,0.566020919384077,1.21227716723506,0.405378617549998,1.04705646388569,1.0960835516872,0.64421362378682,0.00588546935244077,1.37481049267238e-12,0.00183350294310743,0.206106981985794,1.40815721326186e-08,0.755271441544636,0.898487062795817,0.029268200361194
HCC_3_vs_p-L_DOWN_FC_1,0.0227650880180609,0.679592459289716,107,1873,0.941556695477179,2.11777876919958,0.580318597225125,1.20753788937271,0.416999052987978,1.01203754016791,1.10476273205058,0.668984242264641,0.733732210045976,2.4051677268118e-13,0.00287096293709445,0.217643227423834,3.91745931199963e-08,0.935401790677788,0.889826497802724,0.046475822348556
HCC_7_vs_p-L_UP_FC_2,1.25380244581605e-05,0.679299387723864,990,990,0.876236677001561,2.08985079066814,0.571138357701461,1.23827716864856,0.444403595039167,1.0803875352219,1.16261668395162,0.681953432746388,0.212706523854111,6.65369271086035e-13,0.0022028295402215,0.162714747173052,1.22923118723533e-06,0.622220869473131,0.834331368212339,0.0575608062779854
MDA_0_vs_proxy_parental_UP_FC_2,2.96268649665502e-05,0.676686318590363,1184,796,0.778334928462232,2.07591019194871,0.55481631147269,1.23446330055989,0.438093212541488,1.05788021127379,1.05617420536838,0.698007092706875,0.0106514501625317,8.71176142475219e-13,0.00131032432199485,0.16725367336592,2.65532547695127e-07,0.704771405703619,0.93944053352672,0.0744980150818269
MDA_Met-Like_parental_vs_rest_UP_FC_1,7.49512324728151e-06,0.675576594566337,882,1098,0.9134479888825,2.12992496759418,0.589859517893324,1.24165433386172,0.441613412244991,1.0499093643538,1.15516042484152,0.705409355189484,0.35147431285331,1.11308937471571e-13,0.00397389091410888,0.16056791680653,1.80946334249523e-06,0.75073428910376,0.841428692574493,0.0927813874082849
HCC_6_vs_p-L_UP_FC_2,7.88257931866417e-06,0.670716416800346,651,1329,0.910172879846607,2.10117277321135,0.574475694379483,1.25391207882681,0.44040098208407,1.06065311158325,1.15078304533247,0.703581873702664,0.387722483286737,4.67756778980955e-13,0.00244214210543715,0.14931072846087,1.85581505043735e-06,0.709854729542649,0.845543980858076,0.0907948754470501
MDA_1_vs_proxy_parental_UP_FC_0,3.20090920828097e-05,0.659271571077764,400,1580,0.929615846776403,2.10032368564396,0.589446424072174,1.24119745704288,0.42669821722898,1.02138202180435,1.11713513823065,0.688796949316487,0.498852545752083,6.76519721541613e-13,0.00405891360850078,0.166215643582761,1.84871508423403e-07,0.886609354150654,0.877644396800763,0.0682198818690781
MDA_7_vs_proxy_parental_DOWN_FC_0,7.69144225080629e-05,0.654868116243987,324,1656,0.967554336463273,2.11694988595225,0.584259431008585,1.21934520481271,0.419545233105583,1.00831208592186,1.11154900671843,0.678154672344717,0.771989960144405,2.99589077723142e-13,0.00347500040653154,0.195804123962246,7.35306855668372e-08,0.955181418781488,0.883200690528312,0.0561588827732834
MDA_2_vs_proxy_parental_UP_FC_0,0.000181290827931589,0.654530453666599,275,1705,0.873314117926334,2.09060622469245,0.587420910219245,1.24342063331877,0.426245346591947,1.01250219190411,1.13599288340333,0.688335176594176,0.252699497077617,7.3935466803236e-13,0.00361867321378776,0.157047502491886,1.09894129509902e-07,0.93277332515138,0.859383745804712,0.0650135372679643
MDA_3_vs_proxy_parental_UP_FC_0,5.1030816140473e-05,0.6500454832855,329,1651,0.85820714911422,2.09236370317769,0.604259652846458,1.25828216445101,0.431790975553298,1.01967717815846,1.15772752001611,0.701949199507989,0.173406518827346,5.41385546971663e-13,0.00649417178374792,0.137810085507285,1.99319186021148e-07,0.894814118565896,0.838849877674006,0.0826397844484598
MDA_8_vs_proxy_parental_DOWN_FC_1,0.000122858221156358,0.647521635936386,1495,485,0.744290971853012,2.12171818348459,0.586466559561124,1.23876824445917,0.445533950424771,1.08260834249662,1.19267155569073,0.707547449339183,0.0118253329321827,1.47390690203555e-13,0.00347722745501311,0.16036278168804,5.17340699476241e-07,0.595761405047672,0.806619232136313,0.0869729928875892
HCC_5_vs_p-L_UP_FC_2,5.72411444459828e-06,0.646892458474516,462,1518,0.774420266808904,2.08400750851347,0.56517497356298,1.35576656847697,0.479176561553795,1.16113406408763,1.29202351598548,0.759174667919802,0.0321726833286091,7.11300622824018e-13,0.00182149054833544,0.0588171165850398,2.10157828812164e-05,0.356986823117736,0.723199562047649,0.188178725350657
MDA_10_vs_proxy_parental_DOWN_FC_0,5.29195442485479e-07,0.645081150863472,794,1186,0.867987303758233,2.09499315297517,0.613730665638749,1.22146805717344,0.433634520305396,1.00752377033224,1.11468814549218,0.703067933092108,0.129491498660717,4.37172946896066e-13,0.00875977951311546,0.189069655226385,2.20791364269405e-07,0.959379735068184,0.880000982628336,0.0833347114387308
MDA_6_vs_proxy_parental_UP_FC_0,6.16406864657942e-07,0.643237742493565,683,1297,0.842574754780548,2.07275083316821,0.622434483487918,1.27889751043315,0.44111466384448,1.01592966603589,1.16608876498332,0.727743825891255,0.0755654068432776,1.26890689880279e-12,0.0111277015379057,0.112852175040621,4.69319470895509e-07,0.91450857339056,0.830980136573698,0.123399475737211
HCC_4_vs_p-L_UP_FC_2,7.05004862693685e-06,0.64260772056106,1298,682,0.821681255691227,2.07919824727853,0.574241549224138,1.24380052317463,0.449774335262614,1.08852361548021,1.14698469428475,0.678964183134976,0.0764874384260746,8.17253704474059e-13,0.00238342257740583,0.153263495544291,1.137206290429e-06,0.578393115426036,0.848824403291185,0.0543600233719539
HCC_7_vs_p-L_DOWN_FC_2,0.031608401801177,0.63470330758793,60,1920,0.873777152479035,2.11663645327415,0.582112782291216,1.21024308476067,0.418440074970044,1.01594016810219,1.10910591412238,0.670341439625617,0.53487893885203,2.04873494612044e-13,0.00304364930001837,0.210476740968321,4.60889333433381e-08,0.914827558548324,0.885525924021909,0.0470490385346685
MDA_p-Low_vs_p-LM2_UP_FC_1,1.71965687139693e-07,0.632360854857425,902,1078,0.94604166270226,2.11151218858565,0.590796695428524,1.22270161697785,0.426921043003836,1.01073476786672,1.12928830117154,0.694839436478478,0.571948899760905,3.00933638308261e-13,0.00446579803915154,0.188624310701214,2.58875001704136e-07,0.942240866940573,0.865992289555525,0.0821722396726121
MDA_Met-Like_parental_vs_rest_UP_FC_0,2.77118541396377e-06,0.628574693821552,397,1583,0.987217050942348,2.12264250464148,0.582573118092038,1.21551737707686,0.41819626497005,1.00953915542491,1.10715733164918,0.675874845579027,0.904742453526695,2.31355284024479e-13,0.00348455286547994,0.20235754580176,9.77790091147276e-08,0.948646307189307,0.887622770566364,0.0566636872714067
MDA_10_vs_proxy_parental_UP._FC_1,0.000904334761829534,0.627790018385598,154,1826,0.720067147570392,2.10698493045641,0.532046637205052,1.18152329324925,0.423769023532078,1.03247126451909,1.04446921039835,0.680887061957542,0.031306767563036,2.61333747058904e-13,0.000777582229825325,0.275323431193829,7.18306506808022e-08,0.828927158616338,0.95179440148682,0.0562181324447959
HCC_p-H_vs_p-L_DOWN_FC_1,0.0297296202666601,0.625364234904167,58,1922,0.84581015130611,2.11062197458073,0.585522532837875,1.21117246503297,0.417929541132064,1.01563277271657,1.10974153806498,0.672782430530623,0.449836019577,2.87441038975587e-13,0.00344065684279716,0.20848942205796,4.30159598531731e-08,0.916343440855711,0.884894244243908,0.0490075253124029
MDA_11_vs_proxy_parental_UP_FC_2,1.50425864422958e-05,0.622387369122043,293,1687,0.723084177484251,2.0818059550558,0.568995690292032,1.16904827176184,0.420384667783151,1.02386460758645,1.14806238060781,0.62358116284007,0.00464969627196078,7.25137872961095e-13,0.00202447678285194,0.307053720968735,5.10282907257089e-08,0.873044469323589,0.847790768269477,0.020077622083795
MDA_p-Low_vs_p-Brm2_UP_FC_1,2.8299201165675e-07,0.621752386486881,516,1464,0.8301783273782,2.10506067020541,0.594062384211214,1.21217144626755,0.443761814756447,1.05657391021824,1.16183593081491,0.688490181543022,0.0592922921165474,2.94168296275441e-13,0.00442596520026384,0.206425508341616,6.21590149489959e-07,0.71293404747246,0.834920976279916,0.0643852771323501
MDA_12_vs_proxy_parental_DOWN_FC_0,3.76890317964e-08,0.617058009344061,711,1269,0.943004143150845,2.10937439970399,0.597925504677024,1.23043723331026,0.429149279181711,1.01621652129414,1.14355415551978,0.696235001810354,0.555528823422657,3.52399544200733e-13,0.00659680125564794,0.178572303044567,4.29503587427967e-07,0.913364235988446,0.852610437900804,0.0843592170342724
MDA_5_vs_proxy_parental_UP_FC_0,1.78675218587426e-08,0.61168645974815,761,1219,0.885524136565908,2.07695951921677,0.587987838373915,1.26051034098846,0.44144996838959,1.02373577507999,1.15827499328605,0.717054958988606,0.215335646985956,1.56206074836505e-12,0.00366977698183531,0.136165906655967,8.51756045091296e-07,0.87381027347128,0.838367929085219,0.109585690337258
MDA_13_vs_proxy_parental_UP_FC_0,2.58272815167916e-05,0.611308753575802,243,1737,0.875951145112703,2.0940819237834,0.593277145433207,1.25282221652861,0.429513177446782,1.01432668713726,1.13988797911087,0.697258995639787,0.291500108458288,6.28988725582805e-13,0.00449764427451942,0.147371715507314,1.84842647742611e-07,0.923063625274205,0.855695969117115,0.0777600837404009
MDA_p-Low_vs_p-BoM_UP_FC_0,3.19721214989461e-06,0.610110954088707,314,1666,0.873474421876843,2.09016098926974,0.597631107051361,1.24405852262007,0.430578422946463,1.01076748535588,1.14563267727389,0.69800724277837,0.232468252674209,7.13573350478665e-13,0.0052224762035214,0.15588910692705,1.95607875589937e-07,0.942031016729526,0.850230386611552,0.0779084837747509
MDA_5_vs_proxy_parental_UP_FC_1,0.0264938656515981,0.605920776427899,53,1927,0.523646145263478,2.13274284528319,0.525128290830741,1.23257184766572,0.423139470335978,1.03045058591076,1.12870481124878,0.683496960887634,0.00788323560241913,1.01746510114094e-13,0.000642010412720191,0.170552851388611,6.95212088874988e-08,0.839229804315058,0.866339104087815,0.0590065057397032
MDA_10_vs_proxy_parental_UP._FC_0,5.56091601442843e-06,0.601406484608987,265,1715,0.871837485516734,2.09102426257077,0.59424203153813,1.25809317776249,0.432605215422381,1.01971564066844,1.1478201432571,0.69952866223752,0.255307211553437,7.20186579854143e-13,0.00462225478105999,0.140824771750464,2.75656569716366e-07,0.894756661443145,0.848187896367038,0.0805566035043599
MDA_3_vs_proxy_parental_DOWN_FC_0,6.37358217742909e-09,0.600370431460088,925,1055,0.917161975967541,2.09592600751365,0.59960300302765,1.23670691840234,0.43410393195147,1.01198340246252,1.16988605288616,0.710009589874162,0.392044955026918,7.06505631884833e-13,0.00603599489014419,0.167442484580843,5.28762674905853e-07,0.935575509098139,0.828107825323496,0.104625539821482
MDA_p-Low_vs_p-Brm2_DOWN_FC_0,1.81116705576686e-05,0.593862100360298,218,1762,0.915266899501396,2.10428313932412,0.591327792712287,1.24720424822478,0.428430290337515,1.02762096414332,1.13480518713193,0.693936104523121,0.506819527196876,4.96377173980062e-13,0.00444783479556168,0.162461214699193,2.88686523983752e-07,0.855840313615771,0.860699390429869,0.0776131839606297
HCC_0_vs_p-L_UP_FC_2,2.26862153576702e-08,0.590354977459124,463,1517,0.689134619641671,2.06966663084264,0.562086434423877,1.43773319529333,0.526835168332097,1.26780721235683,1.40010842324893,0.823941411670143,0.00250337924460554,1.20609347511448e-12,0.00162919164503496,0.0251898606146553,0.000329306635690166,0.154525322341618,0.641991586194369,0.362053523409042
MDA_9_vs_proxy_parental_DOWN_FC_0,4.83303956757612e-08,0.588813304393615,409,1571,0.916263413190791,2.09556238318799,0.59843033795305,1.24074630099137,0.43101077880579,1.01832675342994,1.14436233436616,0.697591420426748,0.415163761167577,8.07461923451267e-13,0.00588194917984544,0.163558397793406,3.38234961533351e-07,0.902187561224254,0.851591541136783,0.0810726125763091
MDA_2_vs_proxy_parental_DOWN_FC_1,1.37401037466567e-09,0.588202991018748,885,1095,0.814377488211945,2.1142871181725,0.634188547914216,1.26889926181684,0.473442064675064,1.10028286648239,1.26444556125572,0.763868669347636,0.0359961055588237,2.30855076942102e-13,0.0147970116495088,0.121161366258763,1.14066641178279e-05,0.531867823320315,0.745248256229377,0.19949366972828
MDA_6_vs_proxy_parental_DOWN_FC_0,1.58533221963068e-09,0.587669229691161,660,1320,0.918057056281599,2.09821288648329,0.603380311947223,1.24343734045042,0.436270500079101,1.02222355187339,1.16204082553655,0.707885987852698,0.395301617232085,5.84817499774372e-13,0.00722998075504265,0.159831703921039,8.52097910464428e-07,0.881989166347253,0.835219909286592,0.100314686862184
MDA_p-Low_vs_p-BoM_DOWN_FC_0,5.2583293813194e-07,0.582579766283343,297,1683,0.843836899211037,2.08003041378085,0.600044665569696,1.28327659524091,0.440953635115146,1.03760281855198,1.17303591113456,0.714339410787766,0.14903490146741,1.00056123506581e-12,0.00550461826548425,0.113463353705391,6.27708128346836e-07,0.803565015347552,0.824719326511145,0.102317450347791
HCC_2_vs_p-L_UP_FC_2,1.15695359648349e-05,0.582019020957424,205,1775,0.76180524606418,2.08827660524579,0.575333846653214,1.34945333738111,0.465580892983233,1.1187456393508,1.22945238387646,0.75216714796192,0.0739070109524536,7.04962763395086e-13,0.00246363985076533,0.0695988597198129,1.01322393121373e-05,0.483693751864551,0.774893928107354,0.179972907039719
MDA_4_vs_proxy_parental_UP_FC_0,3.11236869509314e-10,0.578444349332938,784,1196,0.829970989800658,2.05925795955758,0.590998159755053,1.28380412656275,0.459303032523762,1.04384229716992,1.19937537143015,0.744525544547941,0.0579714872583759,2.40537127654582e-12,0.00400043311861671,0.107114742174466,3.33541940574106e-06,0.772235231833368,0.800803357679011,0.156611767496507
HCC_3_vs_p-L_UP_FC_2,3.5104886584859e-08,0.577934895154075,375,1605,0.733659591957609,2.06352143460087,0.576472252224036,1.3951950402217,0.501703474658448,1.20966897003943,1.33498531624741,0.80157286728036,0.0181647642302112,1.70529068783537e-12,0.00253880811810757,0.0417620007546174,0.000117161457981122,0.255365450326283,0.689911232854739,0.304371481690137
MDA_10_vs_proxy_parental_DOWN_FC_2,0.00310713285911867,0.577273942000069,77,1903,0.793923702285016,2.1159351862963,0.583348271728429,1.21846508644737,0.421544287002782,1.00248637759764,1.116572510506,0.68278344808582,0.226024963481292,1.70187974909897e-13,0.00315517666909553,0.194691410179463,6.07406568294927e-08,0.986546423944982,0.87816156404832,0.0585741918792581
MDA_9_vs_proxy_parental_DOWN_FC_1,1.05243532282745e-07,0.574816508198888,1343,637,0.73471221986374,2.12664026139723,0.617606782597943,1.2317997669087,0.457942571308566,1.03413763544177,1.1801772634263,0.768006597447292,0.00527906690024358,1.18759444521324e-13,0.00868527519702645,0.171347989282965,1.48816746721138e-06,0.819963199356459,0.81790931433677,0.200994504545167
MDA_4_vs_proxy_parental_DOWN_FC_1,1.76654378396683e-10,0.572564630020222,682,1298,0.842240770797507,2.08555522073129,0.615053899860488,1.25975127746135,0.457124384633164,1.06014822049092,1.23453002489327,0.735925297335023,0.0761913410173633,6.18242075072621e-13,0.00871389567616124,0.133182638173181,3.01310164795173e-06,0.696497968068545,0.770469306941734,0.139661771625204
MDA_p-Low_vs_p-LM2_DOWN_FC_0,8.7782411248348e-05,0.570405430354076,136,1844,0.809472367695641,2.09359175015479,0.593301446211357,1.24521659358106,0.429388332993935,1.02128074284878,1.13951271282232,0.697194955264363,0.157521205796457,5.32555646083165e-13,0.00440326528178668,0.153315622362406,1.4983302889947e-07,0.886498008065905,0.855992854243903,0.0759447366307264
MDA_0_vs_proxy_parental_DOWN_FC_1,2.61833031084101e-10,0.570192910411692,967,1013,0.726662387004403,2.16973785617662,0.707470579796507,1.30153433447356,0.498309351915688,1.10702521578078,1.36117458225272,0.816286971118773,0.00121048138760396,3.48580919992774e-14,0.071183654135919,0.0865817127739956,3.45065723526211e-05,0.497970676112257,0.669355881393259,0.332884968860853
MDA_12_vs_proxy_parental_UP_FC_0,1.38181766740325e-05,0.570055044618923,182,1798,0.892757491147591,2.10364376620896,0.59586783390379,1.25395247135737,0.431057479314239,1.03153552390068,1.14103395787038,0.6974016322181,0.422269650115331,4.19057603868557e-13,0.00526729751066501,0.152376946943664,3.58841127149727e-07,0.835958353054139,0.854727124650511,0.0811892897904623
HCC_LM-H_vs_LM-L_DOWN_FC_1,4.30940717983127e-05,0.567165042175367,144,1836,0.79581784429188,2.08130902040801,0.590936572150912,1.2099507538085,0.42506105031164,1.03387977315264,1.13255349057524,0.67030778649168,0.118481679258304,1.11761560267048e-12,0.00404927108398713,0.210794834566936,8.82532352196668e-08,0.822480868059442,0.862646400095659,0.0469677322055522
HCC_3_vs_p-L_DOWN_FC_2,1.60720919965019e-07,0.557307281454294,254,1726,0.797394464136104,2.06923819479113,0.598606303997702,1.19511234105554,0.43301610965211,1.05028870921894,1.09744568072892,0.670494519326282,0.0624846536293538,1.77157975977867e-12,0.00514746354227955,0.242383955574541,1.98627849081464e-07,0.742344877704453,0.897129173397324,0.0470811765001096
MDA_p-Low_vs_p-LM2_UP_FC_2,1.38468080745998e-05,0.555190760058833,151,1829,0.656866241169234,2.13569717965489,0.613035136625919,1.26467966735603,0.437203492815003,1.01029210309096,1.18018636412749,0.703045340228414,0.00273325430393235,8.55750218247317e-14,0.00775455342249117,0.125436084731348,2.42847262016727e-07,0.944617274201522,0.817942638375745,0.0812331968991113
HCC_LM-H_vs_LM-L_UP_FC_0,6.06552939693691e-11,0.548510200117663,489,1491,0.858043677746397,2.08691752960212,0.61982558372613,1.27855559796945,0.453060749209649,1.03749717703244,1.20625285760371,0.737402305811127,0.146181443780722,7.11307355324194e-13,0.0109815110519442,0.116493121321238,3.14787053195153e-06,0.804187224722698,0.79508555422464,0.149783820185727
MDA_0_vs_proxy_parental_UP_FC_0,7.68955955439801e-08,0.546697563898924,244,1736,0.794937506206308,2.05681095477535,0.59287088797057,1.29360064963408,0.443517325223138,1.03058404498693,1.1747848673649,0.71685363261978,0.0626397998737358,3.09475689004602e-12,0.00426664612014022,0.100464279408022,6.5373310060758e-07,0.838419200034661,0.823007599960583,0.103749794575341
MDA_2_vs_proxy_parental_DOWN_FC_0,3.83273949925333e-12,0.546535378489384,694,1286,0.855338556881001,2.09031818841718,0.628189205033428,1.2672512243705,0.461058853912434,1.0420110819641,1.23927553985099,0.753020970362265,0.129443478012292,6.24314926633745e-13,0.0142336466557382,0.126142803656292,7.70425239442376e-06,0.782146269487324,0.766842826341451,0.186906389063387
MDA_13_vs_proxy_parental_DOWN_FC_0,3.05635423613898e-12,0.545883196422897,738,1242,0.79164096098971,2.06807474833782,0.644803546802198,1.2785473368891,0.474754575908744,1.07068689293311,1.3105595232175,0.786590958191234,0.0179701964575963,1.51757301588821e-12,0.0193239985873618,0.109899621848849,1.00623128964874e-05,0.647593269563272,0.708397107684545,0.25774313882477
MDA_9_vs_proxy_parental_UP_FC_0,7.76965255279731e-12,0.545687059927365,957,1023,0.830774639399407,2.06440519146352,0.619919451968617,1.2656732878815,0.458611355851151,1.01371004391747,1.26834078327171,0.756999719852832,0.0743399275865161,1.86304323159491e-12,0.0100980108087882,0.125960833189709,3.36109034469486e-06,0.92627983760494,0.74252608369948,0.188743939078969
MDA_Met-Like_parental_vs_rest_DOWN_FC_0,1.66735594371298e-07,0.545410587408838,227,1753,0.83812349503579,2.0785155664165,0.604507798282804,1.29177503486577,0.443374357395855,1.04602163295171,1.17401040895783,0.719580157646958,0.173153009109626,1.27668058760893e-12,0.00653127750294308,0.109013420630577,1.02607984614251e-06,0.763794046084329,0.823888141403458,0.113530682690733
MDA_8_vs_proxy_parental_DOWN_FC_0,6.89889796691825e-12,0.537534982846274,1037,943,0.786920662403678,2.04841319629541,0.611320872504595,1.26497498495387,0.467553951817299,1.03805754924261,1.24940830348723,0.769334897416735,0.0187454206129404,3.05644644758472e-12,0.00738085517258486,0.12496616020447,4.73679119401338e-06,0.800324916080071,0.757473330504241,0.209201184475941
MDA_8_vs_proxy_parental_UP_FC_0,3.22336861006102e-11,0.533430873092433,421,1559,0.815927684917656,2.06298978852002,0.623491368830249,1.30455577434095,0.459097176730458,1.04926695648885,1.22467993887875,0.750791861387147,0.0579798589089403,1.94894533628831e-12,0.0112749864657541,0.0907543620488964,3.4639009750744e-06,0.746205601982497,0.778777388754704,0.172565956462009
MDA_7_vs_proxy_parental_UP_FC_0,2.35414472518563e-10,0.532960304620585,359,1621,0.731466124688691,2.07947955218996,0.658845665094677,1.36834687071577,0.486650699874771,1.14041821219084,1.31651376795571,0.79395296267113,0.00499251473528013,9.62447934212305e-13,0.0267046718357704,0.0479324705052299,2.25007394985733e-05,0.395015956463692,0.703472859508041,0.273649887871788
HCC_7_vs_p-L_UP_FC_1,1.26617241056891e-12,0.531966824770131,555,1425,0.724160484078335,2.02190969563436,0.572026666821177,1.3303407945367,0.498338711987981,1.15712935501331,1.23229284136975,0.778536386374096,0.00226901076940166,8.45622347030497e-12,0.00222342563335119,0.0657194123981442,4.27740343303127e-05,0.343038317468941,0.771756664849578,0.226106041435669
MDA_p-Low_vs_p-LM2_UP_FC_0,9.80116534233348e-09,0.530849922978,257,1723,0.888795225139901,2.09516299660719,0.601563626170975,1.24026604046343,0.433053278313863,1.02193739397694,1.14496730089707,0.702149594210504,0.332118282038859,6.42299211487826e-13,0.00640661631855293,0.162260031142621,3.70034166807265e-07,0.883304657130755,0.850932087700662,0.0868462685637547
HCC_3_vs_p-L_UP_FC_0,3.84822583588808e-13,0.52649345333958,934,1046,0.814041942210869,2.06509939002012,0.635772353968986,1.25832139439205,0.464623326082218,1.00841516039223,1.28853479149635,0.774291322357483,0.0539587623006635,1.65199749836973e-12,0.0160798516639674,0.134143417198173,5.5315248340176e-06,0.954616143525394,0.726198797002166,0.23251095939469
MDA_1_vs_proxy_parental_DOWN_FC_0,5.47514002186502e-14,0.520860240395381,804,1176,0.797850534454431,2.06810486097454,0.642594189951264,1.29085580583913,0.47907417100051,1.02656243250618,1.30794681253345,0.791846977435064,0.0315403305444882,1.34463884739791e-12,0.0187923699007961,0.0991578310668066,1.90981939042719e-05,0.858898215981372,0.710711723525298,0.278758123234427
MDA_1_vs_proxy_parental_UP_FC_1,0.000313145676607366,0.518919368611931,75,1905,0.659240840511005,2.08918075161091,0.548875540627794,1.22388187066946,0.427633410893316,1.03553020924502,1.12939934133522,0.680318341195416,0.0332386021028719,6.29976063579525e-13,0.00118773405723513,0.185086537642224,1.11794168171299e-07,0.813851160494991,0.865674644249131,0.0559192297172138
MDA_4_vs_proxy_parental_DOWN_FC_0,2.31086233183713e-11,0.517050661162178,357,1623,0.817626912498757,2.07896989499918,0.635172966791767,1.32531243080043,0.466415919816148,1.06569777090891,1.23434406099443,0.757331429148029,0.080789952537173,9.21944052596762e-13,0.0168621928108197,0.0798470201358641,1.02401098479478e-05,0.672485880820335,0.770696346766706,0.192536353470802
MDA_p-Low_vs_p-LM2_DOWN_FC_2,9.22363606785999e-09,0.51505228390549,220,1760,0.665021108824637,2.05282344663703,0.618127027957434,1.34086028298166,0.470716882374562,1.16150250069733,1.27089709096531,0.725142499389707,0.00159987350218913,2.5830703854828e-12,0.00886108605901693,0.0604468981729739,4.99721607598233e-06,0.336834596659398,0.739542548338453,0.113687671239069
MDA_5_vs_proxy_parental_DOWN_FC_0,1.78156459036468e-11,0.514413653132584,352,1628,0.802413618579377,2.08156451089646,0.636673881360299,1.31148728300083,0.467135637597058,1.0709360947849,1.23965399382374,0.758210304073499,0.0506753452466433,7.06372117404514e-13,0.0167989871091091,0.08536777004875,8.03427369968819e-06,0.648292407294531,0.766018884255026,0.190057766089653
HCC_2_vs_p-L_UP_FC_0,6.07524058815378e-15,0.508903908457119,788,1192,0.838629164238919,2.07624726084802,0.627537264720722,1.26081162963952,0.468164707443544,1.02949000770689,1.25296010436651,0.764917253392521,0.0991223445287324,1.08930478101803e-12,0.0132935508279902,0.132251390864233,1.34598753104814e-05,0.843929382316277,0.75527055727457,0.214979811280878
HCC_0_vs_p-L_UP_FC_0,7.215110085409e-15,0.507513147991134,858,1122,0.83435498900904,2.07498749971991,0.629027364248481,1.25002411824517,0.467666482333871,1.02489199424771,1.26115460216441,0.767080549899791,0.0933229472006246,1.12876970436971e-12,0.0138162030760957,0.145304384096493,1.1707943398977e-05,0.86750474189129,0.748518543360499,0.219848070446489
MDA_6_vs_proxy_parental_UP_FC_1,0.00394430138885008,0.507340766606911,43,1937,0.614977927819435,2.10870481221436,0.584293641173881,1.2352393593957,0.426269638222537,1.03818500653758,1.13183879272415,0.66654171188533,0.0470045666614774,2.59905810077681e-13,0.00326733157944357,0.166673552274524,9.86535490943446e-08,0.800896031628642,0.863325928201296,0.0439095135000774
HCC_7_vs_p-L_UP_FC_0,6.6197413198764e-15,0.506675848776411,625,1355,0.81753650219715,2.04204447432351,0.625528985866316,1.29057019782093,0.469316081723906,1.0428227773341,1.25517254775782,0.763565025896912,0.0515524886304702,5.60177473084804e-12,0.0118151185339492,0.10081569031663,9.6198082011589e-06,0.776938192654191,0.753072422986767,0.203004270868301
HCC_4_vs_p-L_UP_FC_0,5.69334156200462e-16,0.491816945485911,580,1400,0.814154011855708,2.05178501829757,0.63343687191952,1.28874391234672,0.475460949952312,1.05311536511333,1.26387942959447,0.775003038207832,0.0523200364464142,3.50801617182493e-12,0.0150564237397229,0.102403275019964,1.89279840152172e-05,0.72788714458504,0.745952025337054,0.235148076812972
MDA_11_vs_proxy_parental_DOWN_FC_0,1.27231934671623e-15,0.48983128358169,967,1013,0.811770017957181,2.0635519785401,0.635345158028943,1.25825048676076,0.477367968922694,1.02303535147885,1.24244186611061,0.786768371430145,0.0661821905528354,1.92697086748305e-12,0.0160416939317117,0.134279256980425,2.42210221136845e-05,0.877151587072648,0.763670014886989,0.272182036922529
MDA_0_vs_proxy_parental_DOWN_FC_0,1.47707528873624e-11,0.485396686415671,264,1716,0.726507066147511,2.11253957666094,0.68431384393392,1.40750602064216,0.503031757721047,1.15302623540872,1.33304284495774,0.813489258511986,0.0120087949527136,2.19695979132719e-13,0.0518044494419827,0.0374984723337522,0.000117299935493885,0.365995617825817,0.691243973018991,0.341231880523352
MDA_9_vs_proxy_parental_UP_FC_2,4.48800702495592e-07,0.485359684518302,124,1856,0.642226966326768,2.108443777644,0.612974908174536,1.27503867021379,0.445396274568681,1.053086494957,1.1910470864658,0.71010051736078,0.00303769354303014,2.44713015120269e-13,0.0077579017743259,0.113736979183659,5.44884009841339e-07,0.727519197340286,0.808116181196536,0.0909915786933343
HCC_p-H_vs_p-L_DOWN_FC_2,5.51194965143006e-17,0.484555058714483,791,1189,0.627708004046499,1.99336278529567,0.676840376076945,1.21620663301983,0.498775928755574,1.20265959474558,1.32228826366398,0.741357975298401,1.45784296445126e-06,2.15755067247626e-11,0.0346950568401919,0.198520752184149,2.11008952347481e-05,0.223581447847345,0.698073928231404,0.13892529663928
HCC_LM-H_vs_p-L_UP_FC_0,8.00493988816496e-17,0.48172170320228,890,1090,0.773787806054667,2.06478968916146,0.654726930737722,1.27014288814402,0.495378036587867,1.03217165123522,1.34912832240729,0.819061171297589,0.0213122692276465,1.40375562453542e-12,0.0251448899090992,0.119025727091683,6.43313983039469e-05,0.829837882441529,0.679417042830468,0.361699592628763
HCC_8_vs_p-L_UP_FC_0,7.28769559180448e-18,0.475909847548873,667,1313,0.782879993205832,2.02460458364034,0.630205848108285,1.3075413713533,0.492854857365935,1.06191667374749,1.31442358331179,0.798598148034853,0.0218028615971257,1.06433238360202e-11,0.0128672364140902,0.0845322040594393,5.6534837227682e-05,0.685911366198337,0.705497030988339,0.295533301779608
HCC_1_vs_p-L_UP_FC_0,2.88519133380482e-17,0.47473760717108,913,1067,0.746554399184677,2.05893808065634,0.669898379213927,1.27896256267444,0.505619427749904,1.0398127508313,1.39538287832289,0.845614351293265,0.00870921629316551,1.73358735875432e-12,0.0346039953441412,0.108645378286477,9.56450698607318e-05,0.791245278314698,0.645780617712179,0.444635506070511
HCC_LM-H_vs_LM-L_UP_FC_1,1.36060319107193e-18,0.468303493708072,665,1315,0.683924302921417,2.04294868634331,0.65109355500067,1.32807618353266,0.544030285179749,1.20734696173666,1.47041663021088,0.848458772269905,0.000225449559639659,3.09063821558171e-12,0.0200806191127943,0.0652023212358762,0.000504401939869648,0.222329709706201,0.594144231983136,0.434818498061101
HCC_6_vs_p-L_UP_FC_0,1.41062405458231e-18,0.467967971285607,643,1337,0.776410407391597,2.03771461898802,0.645319750987491,1.29329018838715,0.494619784043589,1.05571072025444,1.31736724548141,0.806514041956468,0.0181649353811153,5.12024395490277e-12,0.0195552404795522,0.0959473649650372,6.10093357555725e-05,0.714448016218073,0.703161152145448,0.319542667934223
MDA_4_vs_proxy_parental_UP_FC_2,0.0574336543282275,0.466760157587296,13,1967,0.428341520270219,2.14392403134747,0.572435498466022,1.23853460684876,0.426236017154841,1.03112821784822,1.1293360536895,0.687294358186801,0.0426751788776765,6.93267445007444e-14,0.00229783441419653,0.16218824030391,9.9224756177926e-08,0.836121559469797,0.865744965208114,0.0632562833016953
HCC_p-H_vs_p-L_UP_FC_1,1.0587751897076e-18,0.465856677832823,623,1357,0.600757460576537,2.07536270319917,0.62473897495878,1.41260744468522,0.605352490548226,1.36077132031351,1.2861982290322,0.948408906638208,1.78643193912117e-06,8.20942300471832e-13,0.0101432756760586,0.0259129677664603,0.0048175791629452,0.0534417768776707,0.726599906462976,0.804145218070617
HCC_3_vs_p-L_UP_FC_1,1.36500894363589e-18,0.465417820727573,833,1147,0.765471935434232,2.04717269777918,0.643289996559749,1.26206687899274,0.505073880844014,1.08620260716733,1.24888735479173,0.816733625319755,0.0136769360716249,3.1465261769593e-12,0.0180030932136591,0.128108219390009,0.000112897226201294,0.580668163982228,0.757810946398472,0.348054405825804
HCC_p-H_vs_p-L_UP_FC_0,5.27434426134046e-19,0.46140342587599,590,1390,0.742484466675954,2.0037996064358,0.651280085252518,1.31977811315971,0.498845558717505,1.05899223029567,1.33274752028055,0.819947603013161,0.00468363398040376,1.96995048674416e-11,0.0216903337868269,0.0735019235931525,5.3768958612465e-05,0.698403631050609,0.690978460378113,0.3534072069845
MDA_1_vs_proxy_parental_DOWN_FC_1,2.06439790301647e-18,0.461385611504958,911,1069,0.72189663487289,2.06320633945115,0.656868387700679,1.31101481700619,0.530378695692339,1.09624187642055,1.26059672586703,0.846898936874843,0.00250449656091887,1.25723632636669e-12,0.0239181261407024,0.0788044802239264,0.000338863071224031,0.537888955187974,0.747819338460913,0.437924798715639
HCC_5_vs_p-L_UP_FC_0,6.24676902111947e-18,0.460625068313707,980,1000,0.733085007683165,2.05575065797615,0.672682695722601,1.27330284398887,0.513605785089012,1.04888973396913,1.33176208988918,0.853560222484641,0.00636375024431929,1.91868914683833e-12,0.0361107179972794,0.114570878840936,0.00014804008738125,0.746512653879045,0.691596908653033,0.469291955341867
MDA_p-Low_vs_p-Brm2_UP_FC_0,2.92237181447323e-07,0.451153411935684,98,1882,0.706698442689288,2.09286164981225,0.621409383397638,1.303091497142,0.447939299949277,1.05424412193751,1.18438209772777,0.727188126083966,0.0400633113488141,4.65892940964568e-13,0.010686255784818,0.0924984552722765,1.01509516768815e-06,0.72340093547469,0.814266441441348,0.12191043588491
MDA_3_vs_proxy_parental_UP_FC_1,0.0141017192426457,0.447648402842676,19,1961,0.667724977600331,2.10867933549546,0.584136550819319,1.22189447128149,0.42042865527274,1.01966690776785,1.11182344606938,0.665504397757684,0.237345080199911,2.87820942048924e-13,0.00325244885535782,0.188871522317737,5.64593215272355e-08,0.895218710478142,0.882838714794202,0.0433703836716055
HCC_LM-H_vs_p-L_UP_FC_1,2.22002658024285e-20,0.443969240847427,885,1095,0.680238489906208,2.00890020819813,0.633831998071871,1.30916560223272,0.558083996581439,1.18270321256486,1.39817504311276,0.857612860534395,0.000452187767541826,1.03066025277333e-11,0.0129940021521303,0.078874129964117,0.00105975583814643,0.270480606000379,0.642442493147579,0.467434391894738
HCC_0_vs_p-L_UP_FC_1,2.45419300831573e-20,0.441788640428268,916,1064,0.709054605508921,2.01762513455332,0.656491610638074,1.29425768234777,0.53625021631144,1.11936787979542,1.36113726776443,0.843150353881429,0.00172363122196483,8.47082090787936e-12,0.0234043546795359,0.0923901558480276,0.000430981764477465,0.451606620832451,0.669321766630552,0.422156393112345
HCC_4_vs_p-L_UP_FC_1,2.54019227250589e-22,0.434146001848018,749,1231,0.697173109513835,2.00382560668252,0.669848479293967,1.31775625432583,0.554613572195099,1.17215812260813,1.35920665122567,0.876107744919224,0.00102892545248094,1.58988983505426e-11,0.0317095599333405,0.0727773203646185,0.0011198032415333,0.29818636003351,0.670633854854601,0.540098161292451
HCC_8_vs_p-L_UP_FC_1,1.11488898128209e-22,0.428760774468326,794,1186,0.670113463188176,1.99818010878986,0.655770396343822,1.34811547192102,0.573426193024645,1.13844331694379,1.55985239888894,0.933899555907298,0.000420924957557025,1.55329913905846e-11,0.022415165464479,0.0530847974717752,0.00229304892947693,0.386247388057244,0.540243893536824,0.757134586126844
HCC_2_vs_p-L_UP_FC_1,6.67930767671756e-23,0.42795463828251,777,1203,0.685345360874913,2.0033176809408,0.651741387456459,1.32555564743025,0.568250186886292,1.14951687444116,1.50685751138504,0.895503120645457,0.000874381913198763,1.51025121404513e-11,0.0206151519375457,0.0672133103141402,0.00215223886257611,0.356146441747467,0.571840728862714,0.612654750372609
HCC_1_vs_p-L_UP_FC_1,2.12184600899094e-22,0.424226966265326,892,1088,0.676539798015504,2.02878871393897,0.665888285625942,1.28797017551157,0.565362800721588,1.12984686949565,1.40501822585144,0.899040595827777,0.000594620798328483,4.87481858344827e-12,0.0285021341649369,0.0979561314375895,0.00163115321974239,0.4147932821994,0.637739807963715,0.623894511003663
MDA_13_vs_proxy_parental_UP_FC_1,0.0172713616902164,0.41566482392421,15,1965,0.568618512473729,2.12096801335584,0.57790605205837,1.21183005961276,0.419730019481129,1.01699889193427,1.11124467883778,0.675374215209408,0.140230292083014,1.49903911587204e-13,0.00266176094772873,0.207109335577742,5.00732871967671e-08,0.909000724906188,0.883399927328616,0.0512498848565392
MDA_0_vs_proxy_parental_UP_FC_1,4.64960780481691e-22,0.410083661931043,1016,964,0.627428504136991,2.00713207281556,0.643659927237721,1.32022181675031,0.579565124203941,1.08403056274586,1.20224396968832,0.924151319998239,7.27991551653398e-05,1.08268422809769e-11,0.0164031578356369,0.0698878755093386,0.00211744432316033,0.585138257185434,0.797899273561916,0.713240225223194
HCC_5_vs_p-L_UP_FC_1,6.32812375901727e-25,0.409585173947702,816,1164,0.63194808144328,1.9909543462441,0.669063660629073,1.31690952992392,0.604641832834797,1.20854285042482,1.45467487996316,0.954024090192338,5.51912552994892e-05,1.9729437148911e-11,0.0296054272648186,0.0721174389464807,0.0059416496841869,0.212595613005999,0.603667214391885,0.828950997891048
HCC_6_vs_p-L_UP_FC_1,2.58869702589009e-25,0.403913140989005,842,1138,0.610686173037848,1.95266024317622,0.649959331703093,1.36392244939712,0.609469521574382,1.17464191605541,1.46553205662841,0.970608766331904,1.33779362246662e-05,7.93370431275527e-11,0.0188955111963144,0.043612632250467,0.00593370520476671,0.281742581473356,0.596312308396345,0.890460676392035
MDA_9_vs_proxy_parental_UP_FC_1,2.70438157739313e-23,0.400517283035981,1005,975,0.6191654054736,1.97954964755873,0.654505395972644,1.29956370103137,0.57549301658364,1.07078812532888,1.30615554246919,0.922688108086987,4.15765229157316e-05,2.83095902742887e-11,0.0212318522839668,0.0865300049847774,0.00165428313928247,0.642388749221954,0.710655657705657,0.706674488544416
MDA_11_vs_proxy_parental_DOWN_FC_1,7.23774300508301e-23,0.400302849710591,1031,949,0.624780436806501,2.04953148400043,0.687438581151622,1.26902598394886,0.594565179902328,1.05754898155531,1.21884605655696,0.96421947722561,0.00023633601806252,2.12306619679581e-12,0.0444842184143107,0.118409274531755,0.00472634561156811,0.704339114057343,0.783258377412073,0.869612195636356
MDA_p-Low_vs_p-BoM_DOWN_FC_2,2.42319331707375e-09,0.391365023585953,85,1895,0.549674519389077,2.09534483957111,0.631145159947519,1.30479508293161,0.453475310213473,1.07840004741606,1.21214076454989,0.733942209569611,0.00037078505792454,4.40433858866113e-13,0.0128356424278344,0.0851371276295924,1.08091539927249e-06,0.613911604688732,0.789333774667815,0.129127094938437
MDA_11_vs_proxy_parental_DOWN_FC_2,2.5894332547262e-23,0.381355639220187,1102,878,0.567525530722867,2.06201294739736,0.705461771595961,1.264348466302,0.62242454205149,1.04559868752608,1.39954973429288,1.01359659421649,1.50191220300021e-05,1.30921555267114e-12,0.0606694561057909,0.123967114086207,0.00879688526437672,0.762164230491813,0.640895068937462,0.950988691212918
MDA_4_vs_proxy_parental_UP_FC_1,1.28196499108076e-26,0.381098252613606,941,1039,0.552345552902341,2.03946690530566,0.677646460848906,1.3137757273832,0.658246706133944,1.16882158336751,1.24142665381276,1.0282126005099,3.59378779749991e-07,2.90696467397573e-12,0.0343267821171478,0.0741273263126749,0.0206400465897182,0.29530890093084,0.763698554219724,0.897294931530048
MDA_p-Low_vs_p-LM2_DOWN_FC_1,0.000180136580465602,0.337052128717847,20,1960,0.533423642283857,2.08922393713377,0.583343152739936,1.23032023903087,0.421459522656238,1.01192509600908,1.1144874118078,0.684685949963269,0.0417155868109745,5.75388353268983e-13,0.00316303907341881,0.174488118004743,5.98039185486347e-08,0.935812435666392,0.880205543659982,0.0603844946161982
MDA_7_vs_proxy_parental_UP_FC_1,0.00533115145678818,0.336359221269454,11,1969,0.321120852329177,2.15716200819097,0.598407672773247,1.24618658279481,0.428348224554953,1.03905780791438,1.14357099455552,0.693012318758799,0.00621906969898488,4.40109659950827e-14,0.00508891885778063,0.150410272361482,1.09550215478617e-07,0.795699332532501,0.852072862353584,0.0693211425475511
MDA_3_vs_proxy_parental_UP_FC_2,0.000763263801974408,0.299080044352916,11,1969,0.463840649872561,2.10158669150424,0.578895424988932,1.20349523092441,0.416870997179762,1.01108551710055,1.1016247001453,0.651312720275846,0.0470405686115587,3.42609631293045e-13,0.00273793990124255,0.224017056876136,3.72244620198563e-08,0.940298899040271,0.892938271945326,0.0340225093245178
MDA_11_vs_proxy_parental_UP_FC_1,0.000383390307224279,0.281941507835959,10,1970,0.43161509359301,2.10395322584759,0.584861905926881,1.22761897225644,0.422875415909011,1.02533340536156,1.11735791649734,0.667268767406519,0.0292630355550789,3.3492461577192e-13,0.00331640234730071,0.17890797219894,7.05223140719724e-08,0.865724755845742,0.877396506405943,0.0446352959882592
MDA_6_vs_proxy_parental_UP_FC_2,4.1448849579984e-05,0.275651290379407,14,1966,0.434710574042006,2.09356834723543,0.573742761339989,1.22004121737475,0.422053277912954,1.02361077124547,1.11437120932174,0.675278264973198,0.0147834508833891,5.17933981092311e-13,0.0023544106653215,0.191727589217493,6.30486607938225e-08,0.874464803558564,0.880320624043641,0.0510570005148891
MDA_p-Low_vs_p-Brm2_DOWN_FC_2,0.0448053547974663,0.266350271138194,1955,25,0.259825300545881,2.11468191297692,0.574882105379239,1.20431617637987,0.41380230604078,1.01739112589866,1.08539305956443,0.663893089358585,0.0574133219820943,1.77250752484035e-13,0.00242175670834461,0.222224767827182,2.89246533425059e-08,0.906801222767833,0.909286426581339,0.0418585319580873
MDA_12_vs_proxy_parental_UP_FC_2,0.0287722032964203,0.15060863878228,1958,22,0.139642469190299,2.12153597460005,0.57780184524277,1.21811115074582,0.417406716512572,1.0315303140936,1.09540618625347,0.669240030291213,0.0493892305146295,1.58599448433686e-13,0.00265901348354854,0.195197657035,4.0586663249545e-08,0.833427151467177,0.899177652578874,0.0460687165948195
MDA_12_vs_proxy_parental_UP_FC_1,0.0608587411948211,3.02615690428534e-07,1968,12,2.65662534486863e-07,2.11913741807999,0.58010151473408,1.22457147192549,0.417800703212017,1.02197041017443,1.09922508424058,0.671814134001377,0.988017586387102,1.61430690176784e-13,0.00285015644616208,0.183372605991729,4.10858779783894e-08,0.882760926252914,0.895343355833434,0.0481314707595945
